dateChecked,state,StateName,DateofStayatHomeOrder,DaysSinceStayatHomeOrder,DaysSinceFirstPositive,DaysSinceTestStart,positive,negative,pending,death,hospitalized,totaltests,recovered,inIcuCumulative,onVentilatorCumulative,TotalPop2018,15-49yearsAllcauses,15-49yearsAsthma,15-49yearsChronickidneydisease,15-49yearsChronicobstructivepulmonarydisease,15-49yearsDiabetesmellitus,15-49yearsInterstitiallungdiseaseandpulmonarysarcoidosis,15-49yearsIschemicheartdisease,15-49yearsNeoplasms,15-49yearsOtherchronicrespiratorydiseases,15-49yearsRheumaticheartdisease,15-49yearsStroke,50-69yearsAllcauses,50-69yearsAsthma,50-69yearsChronickidneydisease,50-69yearsChronicobstructivepulmonarydisease,50-69yearsDiabetesmellitus,50-69yearsInterstitiallungdiseaseandpulmonarysarcoidosis,50-69yearsIschemicheartdisease,50-69yearsNeoplasms,50-69yearsOtherchronicrespiratorydiseases,50-69yearsRheumaticheartdisease,50-69yearsStroke,70+yearsAllcauses,70+yearsAsthma,70+yearsChronickidneydisease,70+yearsChronicobstructivepulmonarydisease,70+yearsDiabetesmellitus,70+yearsInterstitiallungdiseaseandpulmonarysarcoidosis,70+yearsIschemicheartdisease,70+yearsNeoplasms,70+yearsOtherchronicrespiratorydiseases,70+yearsRheumaticheartdisease,70+yearsStroke,AllAgesAllcauses,AllAgesAsthma,AllAgesChronickidneydisease,AllAgesChronicobstructivepulmonarydisease,AllAgesDiabetesmellitus,AllAgesInterstitiallungdiseaseandpulmonarysarcoidosis,AllAgesIschemicheartdisease,AllAgesNeoplasms,AllAgesOtherchronicrespiratorydiseases,AllAgesRheumaticheartdisease,AllAgesStroke,AllAgesTotal,Airpollution,Highbody-massindex,Highfastingplasmaglucose,HighLDLcholesterol,Highsystolicbloodpressure,Impairedkidneyfunction,Noaccesstohandwashingfacility,Smoking,Log10Pop,PercentUrbanPop,Density(P/mi2),Adults19-25,Adults26-34,Adults35-54,Adults55-64,65+,DaysSinceInfection,LandArea(mi2),Children0-18,Allriskfactors
4/3/2020,AL,Alabama,NaN,NaN,22,24,1432,8187,NaN,35,NaN,9619,NaN,NaN,NaN,4908621,570168.6587,3659.7009,6681.144192,6749.814568,13565.08879,886.5497221,21828.68842,34900.24792,1213.591906,817.4841169,10757.57736,703110.5178,2810.087619,16545.83126,47609.32695,38724.87416,2924.685506,80013.04456,155300.9985,1269.670979,1843.210299,33666.19258,505829.8863,1352.336696,15918.71659,47156.08242,19890.42277,3052.268454,72780.08195,94067.79564,474.1870658,1952.986147,39548.02721,1875057.249,10455.99462,39508.1184,101688.7664,72351.04243,6905.402659,174621.8149,286762.7583,3307.422404,4682.703699,84590.65171,2659931.925,120555.1909,464371.1943,409403.5928,180755.5756,343659.7833,131418.7291,761.1337023,469931.0534,6.690959501,59,96.9221,0.09,0.12,0.25,0.14,0.17,20,50645,0.24,1837700.899
4/3/2020,AK,Alaska,3/27/20,7,22,29,157,5859,NaN,3,15,6016,NaN,NaN,NaN,734002,84649.60526,580.2882576,577.1780923,597.197965,1475.908519,107.7465438,1515.344663,4405.979504,125.8331419,105.1732169,894.8796381,82939.0716,401.0250553,1255.875848,4084.72096,4197.864532,370.598334,7401.111054,17358.201,118.7649298,227.2418276,2756.291431,40420.0516,126.2119017,955.4448686,3326.558171,1730.343499,294.3186872,4488.027423,8223.517066,35.58487815,156.8542468,2673.487967,222098.06,1486.811652,2828.817996,8034.549041,7436.429,779.8432809,13404.48314,30416.84967,330.8992506,501.5615967,6390.339899,293708.6445,6290.441832,42849.93964,31928.93365,14174.61076,26325.63884,9116.36826,66.98381663,39514.96032,5.865697243,66,1.2863,0.09,0.13,0.26,0.13,0.12,21,570641,0.27,195489.7993
4/3/2020,AZ,Arizona,3/30/20,4,31,31,1769,22904,NaN,41,249,24673,NaN,91,NaN,7378494,708921.0209,6607.997304,5886.243784,5896.852324,14692.67765,752.5754032,12690.99594,34832.72948,1097.756995,546.9549033,7113.790544,750472.5258,4818.78721,15116.66407,41918.09532,42924.23671,3044.92581,65054.41109,144131.4177,1049.049717,1124.409553,22948.29392,616221.717,2592.178584,16877.71971,55839.28765,26990.53817,4238.704248,75510.95134,109764.8798,444.6937818,1332.714132,36100.03324,2189375.953,18354.71442,38216.01756,103902.4778,84873.08031,8089.374624,153256.3584,291804.5628,3015.503897,3064.258519,66658.91651,2960611.218,95028.90799,459583.5942,388586.8607,148145.201,300580.1802,120708.2158,769.0565857,420957.929,6.867967728,89.8,64.955,0.09,0.12,0.24,0.12,0.18,23,113594,0.24,1955853.497
4/3/2020,AR,Arkansas,NaN,NaN,23,29,704,8995,NaN,12,NaN,9699,60,NaN,39,3038999,330253.9607,2118.701553,3729.848364,3751.646255,7475.925976,461.5540022,14101.39954,21413.27526,643.2471886,429.9552748,5990.316882,402470.1963,1547.30825,9303.334992,27976.41092,20812.77906,1494.785506,53244.62628,89342.75386,640.7658334,879.6280878,17328.44332,311717.0448,734.680507,9984.189914,28970.49407,12246.13233,1748.873922,47973.03829,57667.79705,246.4987347,946.0002926,23809.64814,1099801.386,5745.768294,23217.74036,60808.9638,40656.3634,3729.066963,115319.0641,170051.9796,1733.762276,2295.539676,47487.66275,1570847.297,71944.75185,270348.9552,227480.5034,117399.1199,211980.4935,78734.44202,429.2069822,277288.2896,6.482730557,56.2,58.403,0.09,0.12,0.25,0.13,0.17,21,52035,0.25,1064295.644
4/3/2020,CA,California,3/19/20,15,31,31,10701,24599,59500,237,NaN,94800,NaN,NaN,NaN,39937489,3437984.307,32212.49492,32470.75597,28301.62793,66752.55995,3438.40443,64898.14355,190800.7865,5150.799699,2673.830694,43291.1537,3573154.847,23680.86483,77088.45726,153629.1418,191548.818,14603.77542,303142.8028,706944.4817,4294.187245,5311.322057,125404.9559,2734122.96,12160.12578,78321.85247,203601.0201,116779.2144,19429.99513,358764.1174,494642.1598,1738.662857,6428.183248,177829.8927,10302639.66,88895.68233,189382.092,386718.3723,376253.3828,37691.15321,726805.0637,1408565.741,12989.20552,14669.40703,348969.1851,13893578.94,497118.5683,2263098.469,1730000.462,715937.9694,1482464.827,591806.6204,3561.489181,1780659.186,7.601380756,95,256.3727,0.09,0.14,0.26,0.12,0.14,23,155779,0.24,8742412.723
4/3/2020,CO,Colorado,3/25/20,9,29,30,3728,16683,NaN,97,710,20411,NaN,NaN,NaN,5845526,497995.8611,4454.267499,3439.575323,4260.013597,7218.405519,573.9606983,7958.768406,24616.35757,817.601596,509.788522,4960.169862,519230.9561,3201.529694,8305.934561,29937.72797,20428.62458,2260.83253,38384.603,100159.913,760.7649107,1146.447349,15882.85808,382328.52,1612.904841,9533.11774,37410.73315,12381.76379,2769.438765,40098.54067,67570.22531,332.7945436,1312.23768,23851.65958,1480322.56,12159.25771,21473.89377,71787.23727,40200.64324,5643.587425,86441.91208,194631.3848,2225.670371,3024.609065,45034.50072,1962945.256,43939.0563,261958.6634,188187.3587,86539.07036,179979.5465,68151.13053,499.5757173,246844.6558,6.766823597,86.2,56.4011,0.09,0.14,0.26,0.13,0.14,22,103642,0.24,1217428.927
4/3/2020,CT,Connecticut,3/20/20,14,27,27,4914,15101,NaN,131,NaN,20015,NaN,NaN,NaN,3563077,320803.4684,3628.005257,2512.95758,3048.213384,6122.917276,402.3118338,6292.185793,18023.55941,566.1987375,271.9019214,3208.12381,389203.1469,2959.054147,6814.336492,18714.89548,20817.8795,1668.641251,30764.90138,83254.91615,595.768012,659.3312811,11335.06836,326665.3707,1450.257492,8749.743771,25058.59854,13495.60208,2230.917896,39690.98808,61154.49097,257.1737761,889.4910965,19140.92628,1084531.584,10300.10819,18200.08292,46926.07636,40541.86982,4317.252487,76748.07525,163623.5134,1582.497893,1838.221782,33863.95702,1482473.239,43483.68055,232051.2306,193246.7186,74876.27709,148029.5428,59587.03105,427.2009156,207027.4356,6.551825208,88,735.8689,0.08,0.11,0.27,0.15,0.17,20,4842,0.22,944175.0039
4/3/2020,DE,Delaware,3/22/20,12,24,29,450,4995,NaN,14,NaN,5445,71,NaN,NaN,982895,93183.49786,802.3096667,896.0584044,905.9745662,2011.653656,136.7105504,2024.536689,5587.211387,171.0707364,84.83939221,1011.172455,116737.3287,647.6563306,2598.073846,6293.356491,6868.5411,517.8959151,10985.58357,25962.67837,183.6343765,231.8758755,3811.382174,93107.21866,330.0263697,2729.595588,7681.644417,4333.993092,592.0783085,12512.98815,17760.71894,74.60495768,245.7453418,5881.143152,319305.9816,2315.057346,6272.834083,14911.54152,13249.07327,1253.435857,25523.10841,49710.9032,481.9632998,569.8256462,10766.80076,444360.525,17583.57323,74754.19813,66871.10721,24886.00489,48799.55974,20197.54069,122.0996776,67353.90365,5.992507126,83.3,504.3073,0.08,0.12,0.25,0.14,0.19,21,1949,0.22,299583.7931
4/3/2020,DC,District of Columbia,3/30/20,4,27,30,757,4827,NaN,15,NaN,5584,206,NaN,NaN,720687,76287.87679,627.8242655,966.1737804,419.1861846,1360.529973,103.3193211,1455.000458,4974.629539,100.9001337,54.09091452,910.8354179,65954.13844,347.5343696,1752.884716,1994.38999,3006.977687,307.9807322,7109.035922,15572.14741,91.34841606,113.011811,2405.557882,43213.37865,156.7310693,1488.503383,2035.991945,1767.421883,282.217701,6304.994246,8148.950882,32.34142585,89.80900274,2664.104712,200485.8536,1420.614828,4277.707417,4460.522537,6156.712703,697.5708398,14869.03063,29039.8946,249.2831654,261.7857015,6034.580321,267953.5563,8274.662337,47576.48788,30294.73233,14891.39668,36242.01878,12603.99727,77.40433482,34414.0452,5.857746688,100,11814.541,0.1,0.21,0.27,0.1,0.12,22,61,0.2,185095.0021
4/3/2020,FL,Florida,4/1/20,2,31,31,9585,82137,1225,163,1287,92947,NaN,NaN,NaN,21992985,1936007.43,15252.68057,17829.47284,20978.20563,41518.90918,2245.07521,44591.26422,109145.1578,3521.233896,1378.645977,24937.95759,2514491.024,13203.09872,49447.1303,148779.1489,143598.396,9836.781768,221078.1059,529609.2458,3680.377999,3274.893932,88030.74696,2226033.317,7709.122462,59804.90436,191654.1416,100249.1043,14397.49175,291383.6822,409616.5547,1490.036507,4373.58266,134131.6855,6992550.744,46930.68226,127989.8344,362055.1522,286035.9769,26629.00972,557053.0523,1057014.221,9758.907878,9175.396167,248652.552,9723845.529,280763.9539,1627131.448,1404097.333,539553.4854,1118425.468,424978.2759,2201.266051,1532184.386,7.342284178,91.2,410.1256,0.08,0.12,0.25,0.14,0.21,23,53625,0.21,6447762.712
4/3/2020,GA,Georgia,4/2/20,1,31,31,5831,19434,NaN,184,1158,25265,NaN,NaN,NaN,10736059,1063620.208,8206.249159,12585.39673,11295.50872,24347.22557,1534.138022,31553.87874,61558.16376,2039.591745,1158.711734,17828.36458,1206618.613,5695.921585,30618.36413,70273.12963,68323.64866,5406.773461,120502.2808,249353.8499,1959.323254,2664.711516,52912.20046,796013.5204,2428.097004,27271.92731,70309.22087,35027.61835,5182.452304,100836.0004,145095.7614,682.6043445,2445.492438,56737.67164,3262301.257,22781.92512,71133.60751,152269.5014,128127.6781,12206.99488,252892.1599,461058.3811,5380.061486,6382.601606,128523.8309,4503057.999,189990.6759,798353.5391,665463.5206,263405.9622,561379.978,217773.0261,1301.968357,682618.4671,7.030844889,75.1,186.6719,0.09,0.12,0.27,0.12,0.14,23,57513,0.26,3030888.263
4/3/2020,HI,Hawaii,3/23/20,11,28,28,285,10206,NaN,2,15,10491,72,6,NaN,1412687,117149.8218,1276.578935,1198.208272,858.6023269,2337.566789,136.4529495,2655.086385,7644.701389,180.4555997,133.5514813,1702.858357,143179.5291,1134.653045,3156.230389,5155.149375,7609.183011,616.2337426,12898.19627,31388.16061,202.2914332,344.1557035,5816.311094,118690.2434,617.2764016,3617.506584,6356.924198,5047.445738,814.9049047,12648.03782,21459.79385,100.7789439,350.6089613,8649.822392,400813.3851,3854.46834,8035.394417,12406.84494,15038.63817,1572.284888,28201.32048,61066.27726,542.0494069,837.8869906,16250.12464,548618.6746,4555.609063,84934.73669,71874.51544,28488.72522,61419.26266,24904.44655,150.5363442,73375.05977,6.150045949,91.9,219.9419,0.07,0.12,0.25,0.13,0.19,20,6423,0.23,335219.9407
4/3/2020,ID,Idaho,3/25/20,9,21,28,891,7054,NaN,9,56,7945,NaN,7,NaN,1826156,154528.9754,1118.953689,1169.90607,1316.195778,2776.950709,200.4155785,2753.757181,8111.685262,268.9034328,172.8621236,1701.00546,167400.1434,907.1977749,2748.747511,10177.4329,8859.840398,770.9748093,14363.73767,34328.4743,277.8558379,420.8572751,5462.169986,141583.9098,499.5914321,3640.936758,13274.4929,6151.482387,1113.740399,16693.62594,25805.29183,145.3440011,525.8554922,9354.160443,490096.3478,3196.198622,7627.485503,24828.97505,17857.85105,2097.037168,33811.1208,69080.67532,801.291058,1139.780565,16645.77711,667182.54,15111.22648,98716.14536,83603.28,32954.74362,66269.87568,25304.17788,163.9223222,94774.29577,6.261537875,70.6,22.0969,0.09,0.12,0.24,0.12,0.16,20,82643,0.27,418245.5851
4/3/2020,IL,Illinois,3/20/20,14,31,31,8904,39144,NaN,210,NaN,48048,NaN,NaN,NaN,12659682,1194875.584,10697.41884,11667.62435,10886.04949,23982.60885,1467.106747,29964.15321,68613.32804,2020.393394,1089.005852,15091.70489,1378253.093,7429.748026,30995.63695,69500.67769,73617.9494,5640.260654,135534.4515,306080.0057,2072.731561,2450.721026,49645.35432,1080032.28,3293.907675,34980.99845,85519.95664,44860.4429,7002.221506,144559.568,206966.4904,874.4506799,3114.589466,72932.84651,3856858.496,27871.54417,78238.16671,166299.8486,142931.5703,14183.46966,310058.1728,587151.0931,5627.691495,6760.689033,138631.3103,5334612.052,213305.8158,923617.9751,729588.0766,310815.4422,645162.7351,247372.1204,1552.414453,798167.6606,7.102422797,88.5,228.0243,0.09,0.12,0.26,0.13,0.15,23,55519,0.24,3475259.999
4/3/2020,IN,Indiana,3/23/20,11,29,29,3437,14398,NaN,102,NaN,17835,NaN,NaN,NaN,6745354,684973.0252,5548.683129,6457.081547,8286.031718,14440.67855,924.1871544,20689.37939,39672.62262,1437.093013,736.7892313,9140.068925,821842.4272,4223.36145,17916.88186,59193.72813,47190.20108,3412.365263,86616.79022,178015.2895,1519.020161,1702.315072,30113.01211,626821.1793,2125.098946,20971.25307,61222.82146,28471.59676,4186.217654,83501.3568,114540.5561,573.3742958,2004.913994,42138.33614,2251788.809,15619.51449,45728.72821,128944.8451,90382.78519,8579.38641,190807.5264,335521.3455,3971.223556,4514.213547,81993.97851,3157852.356,147035.107,538660.1377,479370.3937,192736.6324,362145.5862,147117.2547,871.7203194,523097.3447,6.829004747,72.4,188.281,0.09,0.12,0.25,0.13,0.16,21,35826,0.25,2102643.119
4/3/2020,IA,Iowa,NaN,NaN,26,29,699,8754,NaN,11,138,9453,188,NaN,NaN,3179849,257099.0299,1701.281704,1957.237069,2572.418391,5126.42231,355.3637032,6631.436301,16363.38195,473.2951354,224.6918283,3009.664885,332201.5265,1428.931427,5332.878292,20281.26343,17296.6016,1461.869049,34141.67568,75779.61109,520.6505087,565.7142078,10398.32076,298920.7083,761.8806593,7880.478594,26702.40099,11928.28489,2177.824748,40646.30724,56445.37932,248.4872764,766.8011436,19781.59412,932395.414,4967.956145,15289.4791,49658.38579,34459.75039,4017.893283,81419.41922,150189.1967,1422.213129,1586.223302,33403.58904,1308809.52,48801.98526,210748.5839,172087.4676,79051.92262,146536.7677,53855.14441,330.3149753,208072.3808,6.502406497,64,56.9284,0.09,0.12,0.24,0.13,0.17,21,55857,0.25,816300.9244
4/3/2020,KS,Kansas,3/28/20,6,27,29,620,6454,NaN,17,151,7074,NaN,NaN,NaN,2910357,269280.2004,2134.140782,2462.764238,2656.102043,5453.591606,377.1529584,6760.826027,15730.72669,520.8966943,286.8792978,3468.690329,320387.8491,1473.394028,6522.329748,20802.03337,17217.39004,1428.11344,30750.30197,70310.63123,552.4561686,706.8871406,11729.03213,261673.6205,710.8861096,7937.809092,23970.24409,10785.75304,1759.900507,34471.26679,47589.6981,246.6038415,826.3945521,18708.51202,900688.5117,6048.175019,17068.10449,47534.44552,33576.10169,3590.234588,71982.39479,135171.3631,1518.833079,1852.847398,34144.80229,1253175.814,46266.14067,202269.0273,171449.3095,71912.05506,137546.5753,55745.25003,343.4926163,190276.9971,6.463946265,74.2,35.5968,0.09,0.12,0.24,0.13,0.16,21,81759,0.26,794751.3806
4/3/2020,KY,Kentucky,3/22/20,12,28,29,770,12034,NaN,31,NaN,12804,NaN,NaN,NaN,4499692,526779.0749,3725.244547,4880.969588,7393.633883,10914.84199,645.9279606,18115.68713,31018.89608,1125.157859,598.2134064,7047.251063,656307.3364,2908.597258,13562.29555,51415.30352,34007.34669,2318.102748,75088.2197,146671.1277,1154.859168,1400.536304,23542.35722,465356.905,1386.800354,14945.22915,48651.22894,19633.63211,2623.501798,63960.25406,89354.7497,393.0119576,1417.677223,31380.89758,1726982.265,10517.22035,33646.28045,107631.3799,64744.16066,5625.681547,157164.1609,269254.6033,2983.776475,3470.217733,62426.57435,2444446.321,115275.7732,413034.6256,366592.8159,160071.6244,300898.1092,111726.8606,624.8836434,456182.047,6.653182788,58.4,113.9566,0.09,0.12,0.26,0.14,0.16,21,39486,0.24,1752267.121
4/3/2020,LA,Louisiana,3/22/20,12,26,27,10297,43348,NaN,370,1707,53645,NaN,NaN,535,4645184,525457.7057,3061.457023,6587.776554,4889.264101,10919.18742,708.2599009,17071.7187,31086.34547,946.5289419,540.4745936,7938.130389,616218.8585,2374.97065,17094.22674,33017.58178,33288.441,2617.441135,72859.29312,134858.2403,930.3377695,1256.533593,26156.73939,416780.6105,1148.704383,15438.63529,33377.18788,18756.08182,2650.95926,58031.85443,76441.49988,334.663634,1214.408106,28540.89509,1654897.799,8806.512791,39524.37791,71452.69984,63183.09078,6018.255095,147962.8663,245123.7402,2538.187542,3077.994219,63184.89827,2305770.422,89342.10402,429581.3953,356198.4749,151875.7967,323430.5368,121807.3281,563.4736493,364448.342,6.667002921,73.2,107.5175,0.09,0.12,0.25,0.13,0.15,20,43204,0.25,1600592.392
4/3/2020,ME,Maine,3/31/20,3,23,28,432,6088,NaN,9,75,6520,113,NaN,NaN,1345790,119680.8553,1080.113517,967.6338248,1251.975268,2446.240375,180.9287798,2763.752759,7440.387125,215.4160587,115.0548801,1311.407134,182337.1357,1026.537362,2991.916679,11641.67896,10266.74789,854.1562605,15231.66199,43068.25254,279.8623606,375.6712541,5622.490283,155624.7785,529.6781242,4170.486833,14648.08378,6644.190878,1201.263482,18611.17718,30898.97669,133.2131835,454.8089621,9285.594666,476218.6617,3306.020245,8183.700546,27579.98572,19401.48287,2246.027275,36606.59193,81943.58614,695.2226575,954.8269246,16300.77979,673436.8858,12264.89404,101990.3067,95363.14539,35169.871,70116.07815,27263.48211,182.3358572,113952.4027,6.128977297,38.7,43.6336,0.07,0.11,0.26,0.16,0.21,20,30843,0.19,438113.9115
4/3/2020,MD,Maryland,3/30/20,4,29,30,2758,20932,NaN,42,664,23690,159,NaN,NaN,6083116,581152.1369,5426.320515,5787.320718,5267.754361,12495.05539,852.9186751,14324.09103,34839.53156,1053.719934,561.6149625,7637.273598,675071.8179,3922.25068,14423.68413,30908.7555,38287.64538,2953.510562,63795.09368,143000.7445,1010.166949,1066.279202,23738.07306,490150.5567,1685.654573,14430.99564,34960.54682,21485.06926,3178.132568,64626.13978,90424.52267,374.6163427,1099.250927,31920.86967,1848252.792,14559.17059,34940.53791,71325.42058,72487.57869,7024.187583,142745.3245,270939.507,2767.324519,2774.40024,63701.23137,2531517.475,92422.15659,448169.256,355185.0682,143342.5128,313917.2118,111982.8539,799.6344221,350957.4516,6.784126098,87.2,626.6731,0.08,0.12,0.27,0.14,0.15,22,9707,0.23,1615326.858
4/3/2020,MA,Massachusetts,3/23/20,11,31,31,10402,52560,NaN,192,966,62962,NaN,NaN,NaN,6976597,605231.3728,5404.917435,4577.648797,5174.207297,10461.78232,754.2770121,12878.72281,35281.36212,985.6379112,545.9083293,6459.512094,699848.4134,4278.161531,12428.00273,34180.73555,35634.75504,3159.00435,57631.35152,158131.1352,982.5041121,1121.060418,20903.65904,597490.6899,2180.087055,17243.02703,44554.14296,23019.31251,4227.215424,71320.76116,116596.0475,447.8037432,1727.007431,35996.49787,1987994.776,15315.35083,34460.02885,84088.4126,69303.85507,8175.18535,141830.8355,312385.8227,2707.190743,3439.324265,63740.39475,2723441.177,65632.06887,415400.7411,341483.9198,139757.3632,276376.3042,111784.5352,840.1582211,393501.3834,6.843643637,92,894.4355,0.09,0.13,0.26,0.14,0.17,23,7800,0.21,1762562.931
4/3/2020,MI,Michigan,3/23/20,11,24,30,12744,11893,NaN,479,NaN,24637,NaN,NaN,NaN,10045029,933813.5088,8360.219526,8592.854686,9900.997775,18871.11803,1245.733962,26454.30856,54562.87263,1667.116237,868.6018178,12358.81245,1247176.753,6974.744639,24535.03209,77251.06491,70155.99988,5400.673972,138686.0992,266778.3031,1884.300694,2050.437486,43879.77346,986303.5622,3492.888609,29076.64897,86284.5457,45768.71714,6724.479888,149688.8757,178108.9125,729.8080632,2749.440924,63339.42274,3324432.362,24268.06155,62677.65445,173749.5526,135177.1847,13444.46483,314829.2835,504063.7442,4806.366546,5756.245699,120374.9351,4683579.855,180595.9243,837119.1277,726446.3128,308187.18,598517.8605,216330.6701,1164.124019,733381.5068,7.001951195,74.6,177.6655,0.09,0.12,0.25,0.14,0.17,22,56539,0.23,3178827.435
4/3/2020,MN,Minnesota,3/25/20,9,28,29,789,23438,NaN,22,156,24227,NaN,40,NaN,5700671,429951.1999,3638.386695,3317.415952,3260.213501,8597.98286,549.8119746,8568.103759,25547.06308,669.4481181,414.8151937,4832.828666,514853.1971,2778.772715,8880.324631,24455.94065,28098.30099,2434.080058,37449.30196,118905.5904,738.9265967,977.8686268,16769.15769,433807.7274,1319.256654,12870.05844,34183.64099,18146.73509,3335.703382,43349.11394,87227.83345,391.4723493,1449.344695,28685.80237,1457326.999,10214.58083,25259.70649,62047.9449,55030.4394,6350.714732,89366.51965,234232.0995,2056.838626,2887.61289,50641.13423,1995414.59,50955.54332,299458.7972,245267.781,90787.27701,187651.791,76185.26439,472.2404377,284333.5068,6.755925978,73.3,71.5922,0.08,0.13,0.25,0.14,0.16,21,79627,0.24,1204112.358
4/3/2020,MS,Mississippi,4/1/20,2,23,24,1358,4753,NaN,29,420,6111,NaN,NaN,NaN,2989260,333435.966,1825.02459,4518.582493,3371.486764,7414.970837,481.2818604,13281.88699,21369.93957,670.1039102,463.4711995,6219.68226,413518.27,1446.828937,12035.98238,24420.83364,22254.33326,1522.556983,52605.45454,92930.31937,686.6826893,1056.574225,20018.16447,287663.0066,659.1869011,10539.87618,24862.0999,12313.91979,1550.177153,43568.01068,52437.21498,266.5715328,1040.430716,21900.33007,1098007.265,5191.406315,27370.67611,52764.49979,42118.23906,3576.753933,109455.3522,168426.2198,1847.523204,2609.506761,48543.76582,1559911.208,67540.16132,288500.6477,244142.842,112438.8859,236707.5216,86760.40581,442.2126904,267121.1862,6.475563691,49.4,63.7056,0.09,0.11,0.25,0.13,0.16,20,46923,0.26,1095634.242
4/3/2020,MO,Missouri,NaN,NaN,27,27,2113,19357,NaN,19,NaN,21470,NaN,NaN,NaN,6169270,620972.2169,4768.285502,5689.282715,6763.97351,12238.059,807.1862184,20040.44493,35371.80675,1200.873099,618.986463,8106.069114,773567.3954,3571.885806,16253.12165,51495.74329,40500.61224,3037.885394,89139.72997,170538.2889,1307.731485,1449.485837,28522.39697,614406.5958,1780.012532,18920.8354,56209.56159,24743.00067,3748.878142,88911.18325,111706.0067,524.5548337,1806.673714,42339.4476,2110536.466,13377.26423,41188.24921,114680.8725,77716.49996,7641.468421,198091.3581,320586.102,3423.894822,3939.437946,79501.68151,2970683.295,123412.5472,504914.6029,429722.833,197831.0992,373628.6764,138888.0557,852.6582229,507929.3606,6.790233778,70.4,89.7453,0.09,0.12,0.25,0.14,0.17,20,68742,0.24,2002564.144
4/3/2020,MT,Montana,3/26/20,8,23,28,243,5333,NaN,5,24,5576,NaN,NaN,NaN,1086759,101176.3347,732.5337121,735.194742,943.7945954,1709.587876,138.8721442,2032.969808,5994.511558,173.3530858,133.7297616,1087.618168,134026.9728,654.6086758,2039.368218,8639.055222,6353.851846,597.0857102,13300.01434,29219.32267,195.5962456,403.9307154,4439.208032,112092.3686,349.9044797,2570.684097,11600.79462,4367.088343,805.7882376,13943.28813,21497.03101,100.4736478,471.3681683,7369.09728,363285.2187,2156.541273,5386.298919,21219.20086,12465.53542,1550.480117,29276.27228,57229.44164,534.7295771,1023.894999,12975.02296,507102.6367,10768.47495,72823.16324,61171.22242,28080.28712,53378.08282,19021.80221,109.1346286,81570.66623,6.036133245,55.9,7.4668,0.08,0.11,0.24,0.15,0.19,20,145546,0.23,325863.8468
4/3/2020,NE,Nebraska,NaN,NaN,28,30,279,4487,11,6,NaN,4777,NaN,NaN,NaN,1952570,160025.8376,1196.261675,1446.084791,1611.487256,3229.915161,219.7325563,3514.174233,10300.60678,310.571695,193.4196113,1989.6763,192295.7523,916.1443539,3787.667966,12423.27629,10545.75485,856.6344161,16095.04218,44018.04761,340.0976673,471.3172006,6566.30631,165853.3174,476.1362928,4881.069604,15925.40584,7094.780329,1135.696679,19683.09647,31182.86565,163.0929462,591.7670018,11164.07205,547712.8955,3358.758882,10197.24363,30025.14956,20938.78427,2224.177139,39292.31289,86442.03703,928.5872878,1278.085988,19851.29632,762249.3285,25061.18453,120790.1211,101907.112,38989.37218,79539.587,32540.30461,186.3539277,116805.5945,6.290606612,73.1,25.4161,0.09,0.12,0.25,0.13,0.16,22,76824,0.26,465197.7226
4/3/2020,NV,Nevada,NaN,NaN,29,30,1514,13018,NaN,43,NaN,14532,NaN,NaN,NaN,3139658,323454.1311,2707.024458,2954.318333,3304.46445,5749.354877,328.878777,6385.134955,15807.19163,562.3027869,328.1695959,3927.32994,350966.7708,1904.010557,7045.992527,21075.94196,15748.847,1119.215071,34628.57387,68756.7857,513.7784869,744.6899953,12297.04115,247230.532,865.6731133,6987.185407,25775.32492,8827.124491,1247.368819,32826.57031,47492.50027,188.2867946,705.5717213,15043.86835,968053.6721,7040.062242,17147.27177,50272.58608,30429.68171,2718.964139,73840.27914,133301.3452,1459.315978,1811.237946,31489.97547,1317564.392,43025.14563,207728.7418,161650.6435,72568.36994,155877.0905,55131.98928,383.8053212,203040.6448,6.496882343,94.2,28.5993,0.08,0.13,0.27,0.13,0.16,22,109781,0.24,903139.4252
4/3/2020,NH,New Hampshire,3/26/20,8,31,31,479,6575,114,5,73,7168,101,NaN,NaN,1371246,123317.216,1140.22743,894.1663852,1182.623514,2387.325857,173.0977735,2220.309075,7380.844626,199.990275,109.793536,1255.463434,164446.5409,1027.432891,2398.868387,9567.732246,9183.151056,761.5243421,12649.20164,37065.18153,234.191008,315.3876521,4651.176951,128808.5979,459.0938045,3235.004623,11504.42287,5437.589553,987.6181997,15868.89411,25331.82937,97.71349651,376.4108306,7422.469271,432443.5518,3235.388666,6570.234567,22292.63137,17049.01273,1930.944124,30738.40482,70241.47549,592.3220645,810.8338011,13408.28429,599313.0837,12404.88921,91089.32005,79819.58496,29581.25552,58301.97992,22212.04905,162.230625,90904.11669,6.137115374,60.3,153.1605,0.08,0.11,0.26,0.16,0.18,23,8953,0.2,393906.9796
4/3/2020,NJ,New Jersey,3/21/20,13,30,30,29895,37608,NaN,646,NaN,67503,NaN,NaN,NaN,8936574,789943.8479,7696.763597,7071.500467,7625.685945,16868.70242,989.7957382,17295.07135,45756.8255,1418.972549,664.3086912,9289.206032,930424.8823,5932.817949,18495.82234,41466.61881,54233.97606,3788.415937,79796.04962,196322.7639,1320.299745,1437.107276,30017.84405,762210.8456,2840.025953,22281.51642,54189.75579,34339.67929,4650.994987,106608.4177,141896.1929,537.2913843,2015.67302,44199.03003,2608047.843,22409.91001,48216.06756,103557.6622,105746.8865,9474.476542,203699.5387,387505.5616,3710.589862,4183.391799,84015.80673,3580567.735,124654.1748,599637.6562,499332.4608,196610.782,395358.3775,157233.0545,1040.88883,491022.5866,6.951171056,94.7,1215.1991,0.08,0.11,0.27,0.14,0.16,22,7354,0.23,2289836.032
4/3/2020,NM,New Mexico,3/23/20,11,24,29,403,14375,NaN,7,31,14778,26,NaN,NaN,2096640,239735.3175,2130.705975,2093.147038,1880.142305,5182.106321,291.9197391,3985.968494,12861.00995,366.5367887,274.9891853,2321.564134,252102.3117,1599.889654,5300.213627,13614.93541,15404.72719,1082.388924,21438.82903,47188.11935,347.3950068,563.9047407,7443.296401,192629.4127,759.7000542,5767.121318,17591.35003,9827.125047,1427.201882,23792.03088,32859.52498,148.2343663,589.4562049,11300.50061,718863.9493,5830.880362,13266.24864,33164.95938,30507.88085,2821.738862,49216.8284,93945.30836,999.4514834,1455.885735,21222.38786,971295.5192,18532.52522,146674.3273,137850.3657,47402.29444,98741.63052,41031.02926,248.7839623,134300.3501,6.321523867,77.4,17.285,0.09,0.12,0.24,0.13,0.18,21,121298,0.24,662171.6668
4/3/2020,NY,New York,3/20/20,14,31,31,102863,168139,NaN,2935,23696,271002,8886,NaN,NaN,19440469,1757495.442,22049.38703,15148.49311,20143.46437,37726.15772,2306.763245,43604.75578,99797.62233,3495.106186,1298.167358,19570.87259,2054405.553,16227.20992,37001.42645,107516.4064,117505.1056,8492.677012,194615.6263,416134.4587,3189.653063,2551.012974,58537.67889,1679288.552,7465.082699,42800.04135,122500.9861,73917.00129,9850.309971,266579.2732,294131.2059,1136.429019,3362.213214,85534.50117,5772649.135,59438.56451,95735.45105,250749.8848,229776.7639,20743.63347,504799.6553,818022.5908,8746.832046,7386.269108,164927.4156,7932976.196,249934.7924,1365822.125,1132123.58,477670.8774,929437.9257,334155.5083,2215.096633,1143301.316,7.288706738,87.9,412.5211,0.09,0.13,0.26,0.14,0.16,23,47126,0.22,5078179.214
4/3/2020,NC,North Carolina,3/27/20,7,31,31,2093,29505,NaN,19,259,31598,NaN,NaN,NaN,10611862,994869.9602,7386.719137,10907.84284,9943.542515,22968.92189,1592.497413,27143.24788,56382.84101,1821.171147,882.4680236,15127.96544,1201274.517,5607.999828,28427.50683,68810.20213,70259.39142,5806.311455,117638.1443,253771.1109,1887.395568,2101.512581,50219.36209,916876.2928,2662.991712,29585.93354,76088.20049,40522.14558,6729.358006,110941.6942,167168.9995,746.9696485,2479.07094,68735.24444,3289684.446,20846.30818,69473.72507,155177.8149,134159.065,14205.12905,255723.0864,481735.6908,5058.215001,5553.587523,135090.8198,4566707.888,172536.1019,774799.5904,687547.0231,263535.411,539237.4426,217311.5748,1373.702444,723051.8254,7.025791594,66.1,218.2702,0.08,0.12,0.26,0.13,0.16,23,48618,0.24,3048362.339
4/3/2020,ND,North Dakota,NaN,NaN,23,25,173,5625,NaN,3,29,5798,55,NaN,NaN,761723,65588.07258,506.5762255,592.4946958,539.0931866,1353.311857,81.0481926,1645.80001,4549.577081,110.5726628,73.68212346,824.377095,74980.85975,371.3490311,1340.67094,3989.888557,4216.295446,314.0519227,7659.604255,17384.13548,113.9871394,159.4080985,2519.811085,65269.24222,196.0998667,1921.935875,5253.184682,2842.805222,393.0558569,8309.383762,12232.82967,56.13603676,183.012455,4455.815774,217565.3791,1401.877201,3889.524955,9803.656949,8437.41792,791.8204508,17614.78803,34516.44392,317.3573829,422.3279901,7850.592301,302611.1862,5564.825593,48791.86057,41426.68943,17290.75465,32653.76593,12883.56286,69.07119061,45538.91952,5.881797069,59.9,11.0393,0.11,0.14,0.23,0.13,0.15,20,69001,0.24,185994.433
4/3/2020,OH,Ohio,3/22/20,12,26,30,3312,35063,NaN,91,895,38375,NaN,288,NaN,11747694,1189071.786,9967.047593,10967.67283,14222.3674,26300.66351,1540.236572,35036.16764,69930.31402,2366.318986,1160.744349,15542.12449,1557822.26,8102.423506,32607.59184,108425.6498,92394.24799,6383.146086,160553.2637,340854.2518,2796.435587,2740.289074,56676.2059,1225129.633,3996.791587,37184.47609,112288.8547,56500.76383,7754.814871,169682.6914,224869.9198,1029.753716,3359.359444,82095.0127,4167799.883,28293.92957,81349.9702,235332.7778,175682.0417,15767.33804,365272.1227,640968.1199,6896.025591,7377.870043,155321.5114,5880061.59,267604.6193,1045000.89,927555.9328,362785.0028,719992.539,271034.1289,1635.326737,961408.5692,7.069952626,77.9,287.5038,0.09,0.12,0.25,0.14,0.17,22,40861,0.23,4076858.564
4/3/2020,OK,Oklahoma,4/1/20,2,28,28,988,1315,NaN,38,289,2303,NaN,NaN,NaN,3954821,440686.0191,3401.310801,4041.685049,4991.686015,9151.203529,529.0939752,15401.84541,23997.60542,810.9431965,466.2215474,5972.944189,518812.3423,2372.373739,10650.72641,36862.24229,27285.46733,1882.051419,65598.40195,106352.9627,784.7547541,1006.537119,19837.60129,387484.6776,1192.307006,11278.60563,38319.9654,16428.5301,2189.228789,59995.08392,68826.99333,294.1225152,1041.87227,26281.89265,1425504.543,9449.182952,26222.40372,80334.47565,53039.10201,4640.430643,140995.3313,201486.694,2181.78933,2577.714211,52546.70282,1998978.37,88895.75163,350972.6758,292030.0566,141515.0664,263511.1488,91190.38413,520.1140482,341149.685,6.597126832,66.2,57.6547,0.09,0.13,0.24,0.13,0.16,20,68595,0.26,1401274.673
4/3/2020,OR,Oregon,3/23/20,11,31,31,899,15259,NaN,21,NaN,16158,NaN,NaN,40,4301089,361372.0859,3055.728295,2625.729863,2867.691101,7101.319711,445.4358389,5799.519663,19597.44034,564.6599954,324.4049493,3984.849877,445190.8174,2703.839924,7249.513805,24300.23591,24004.12202,2073.475919,32288.62493,97741.95533,667.3687791,885.2158195,15853.17731,372829.4252,1441.258407,9497.0598,30919.12872,15735.22183,2766.707885,38768.29178,73500.48966,349.5962373,1268.305475,26147.0154,1234415.7,8820.687314,19509.23314,58189.7488,46968.06974,5306.580367,76856.43637,192401.0035,1763.753368,2508.430558,46248.38678,1692988.03,34033.33285,256830.1564,211840.8876,75954.43701,164150.1369,63387.19525,368.0196904,245921.4122,6.633578429,81,44.8086,0.08,0.13,0.26,0.13,0.18,23,95988,0.22,1089226.409
4/3/2020,PA,Pennsylvania,4/1/20,2,29,29,8420,53695,NaN,102,852,62115,NaN,NaN,NaN,12820878,1270552.668,11442.59729,10778.37135,12956.61189,24266.97926,1576.810541,30375.78176,70722.75607,2338.811242,1164.552409,14702.46416,1622119.753,9080.607891,32799.46695,91131.45138,89790.57382,6642.092466,153869.9838,355319.4886,2571.406107,2866.360523,56293.60253,1375109.173,4249.909167,42872.73973,108016.4174,57728.64059,8835.192275,193496.2415,258078.5539,1097.893351,4358.870389,91863.98067,4462022.226,31858.35825,87021.18649,212500.2537,172136.6955,17134.12842,377742.0071,689257.7242,6689.093095,8500.906605,163734.0237,6228596.603,255657.8218,1053690.012,901191.0697,365392.3676,737383.2486,288732.6346,1764.243275,966099.6993,7.107917768,78.7,286.5449,0.08,0.12,0.25,0.14,0.18,21,44743,0.22,4212408.133
4/3/2020,RI,Rhode Island,3/30/20,4,28,28,711,4412,NaN,14,72,5123,35,14,6,1056161,97428.94757,882.4837592,748.7308398,908.161392,1838.537571,125.4509758,2085.538995,5617.754828,166.4652207,70.06815811,971.6688493,118929.4308,705.541637,1925.679495,6411.258407,6341.651402,512.8943915,10998.34317,27060.70866,176.7427544,192.4332144,3401.551814,100142.2127,357.3067173,2557.676901,7666.102135,3997.976251,628.0300771,14394.17676,19066.11581,74.14214021,223.7429475,5515.509221,330831.6181,2462.442604,5267.721017,15014.42759,12207.98403,1272.27876,27478.05893,52105.19509,464.3230997,493.1992296,9952.324668,457549.5731,12641.94055,72231.5057,60572.0464,26203.94479,48565.21615,18456.61729,134.424623,70945.48324,6.023730127,90.7,1021.4323,0.09,0.13,0.26,0.15,0.17,20,1034,0.2,308417.6748
4/3/2020,SC,South Carolina,3/31/20,3,28,31,1554,5441,NaN,31,241,6995,NaN,NaN,NaN,5210095,532944.9819,3840.174464,5868.604024,5448.36855,11917.7361,867.7550043,18638.10818,30899.19874,1053.908759,622.4578558,9042.071908,666467.6547,3175.453022,16063.38499,40885.56146,36576.35242,3197.790228,73121.18981,141199.156,1135.212043,1430.196047,29161.01132,490782.027,1503.58853,15861.52609,42982.15927,21491.47731,3753.89478,60481.82454,90705.77961,446.5550002,1420.127098,35978.00262,1776658.422,10991.84114,38080.65513,89478.2376,70176.51765,7857.701475,152241.1225,264981.6467,2948.476975,3521.207681,74648.25334,2491584.082,101111.2269,434150.4231,381077.9921,158016.2361,313864.5103,121311.5008,650.5785628,413173.4321,6.716845642,66.3,173.3174,0.09,0.11,0.25,0.14,0.18,23,30061,0.23,1701908.913
4/3/2020,SD,South Dakota,3/23/20,11,24,28,187,4593,3,2,17,4783,69,NaN,NaN,903027,78518.31066,524.4258058,680.9545312,719.1702035,1637.322901,103.5367332,2140.736672,5588.668492,136.7591361,91.28530846,1034.894654,92572.90675,411.8137585,1605.035723,5323.07493,4997.676711,385.3690853,9867.63484,21085.19561,136.4922573,196.671582,2951.44524,79577.82923,212.900685,2094.958535,6957.190486,3288.087511,481.429507,11039.2044,14900.03157,64.74905558,220.4434735,5517.370025,266049.2081,1495.413962,4425.328102,13030.45407,9958.60818,977.0636994,23047.57591,42162.2844,393.4884404,521.1120252,9591.349508,371651.8864,9115.545153,58189.13716,48540.1602,22440.71286,41516.55271,15321.57483,93.04847108,57810.80661,5.955700736,56.7,11.9116,0.09,0.11,0.24,0.14,0.16,20,75811,0.26,229384.6166
4/3/2020,TN,Tennessee,3/30/20,4,30,30,3067,34772,NaN,37,293,37839,248,NaN,NaN,6897576,725676.685,4643.215297,6854.445705,8472.469718,15846.79147,971.5879853,24349.77629,40559.94112,1403.144155,623.8539334,11011.64139,897617.18,3670.580161,18066.10794,59584.88688,46829.59966,3482.140264,105821.5667,191612.1846,1464.709875,1461.525715,36872.01536,656092.9167,1794.671532,18867.28622,58501.36963,27356.76042,3897.343135,92460.31716,119849.3942,517.9700924,1489.88436,48323.98783,2393771.118,13024.87001,44161.70882,126791.5759,90310.81103,8401.268053,222631.6601,355089.1535,3799.103093,3630.562771,96940.71882,3358552.55,140838.4666,582873.3566,496295.8064,227714.456,430309.0537,152021.1714,926.2839936,581269.6045,6.838696494,66.4,167.2748,0.09,0.12,0.26,0.13,0.16,22,41235,0.24,2362425.31
4/3/2020,TX,Texas,3/31/20,3,31,31,5330,50434,NaN,90,196,55764,38,NaN,NaN,29472295,2665008.021,21393.78935,29583.08339,25097.85512,60968.70974,2989.984788,70400.86538,147113.2496,4747.218761,2383.551457,39318.97896,2746672.507,13743.72813,70141.14551,140062.1512,156179.5377,10922.92673,276292.2135,543378.5976,4024.989384,4714.84194,109671.774,1895672.135,6311.529951,61819.16328,158745.0018,81600.91696,12295.65421,248554.051,329372.4376,1542.862806,4912.112392,132071.9766,7813286.655,59879.99556,163059.1467,324983.8069,299908.9595,26429.92357,595247.1298,1033867.776,12144.54837,12318.89441,283863.5728,10624990.41,411239.6333,1881612.954,1479091.404,610099.5602,1267096.168,476307.4007,2952.975327,1472294.812,7.469413956,84.7,112.8204,0.09,0.13,0.26,0.11,0.13,23,261232,0.27,6834282.453
4/3/2020,UT,Utah,3/27/20,7,28,28,1246,23002,NaN,7,106,24248,NaN,NaN,NaN,3282115,307768.1941,2242.258304,2256.093772,1930.105472,5948.324103,344.1832817,3877.167111,14491.79588,446.284054,429.9013503,3016.851594,226462.5427,1325.754725,4244.982163,10957.44089,13970.3184,1070.202998,16349.39257,41264.446,355.2516764,746.8564935,7811.216739,177287.6329,625.5128399,5256.41395,12551.17077,8834.792468,1439.536774,22054.90188,29039.56419,177.4042275,946.5287365,12653.14315,766351.9415,5647.045045,11904.07665,25545.47399,28912.53948,2874.59502,42281.46156,86492.76393,1171.095531,2174.964439,23734.13399,997090.0911,25938.30677,142491.8502,122433.006,41744.79188,89648.47078,37190.45101,279.9522636,92498.70998,6.516153794,90.6,39.943,0.11,0.13,0.24,0.1,0.11,20,82170,0.31,622680.7283
4/3/2020,VT,Vermont,3/24/20,10,27,29,389,4839,NaN,17,45,5228,15,NaN,NaN,628061,50734.99744,439.3986526,363.6363338,531.1811032,972.6292233,81.89016113,992.3103189,3135.857,97.2145819,43.94706943,509.9685363,73994.15882,418.6936495,1043.796381,4541.762257,3666.629143,366.6753408,6288.364434,16992.24741,120.9570973,146.4772104,2040.209364,60294.42689,202.3122288,1384.927661,5214.1097,2474.032965,477.1319622,7286.443945,11742.25636,56.57722349,172.0843528,3537.817337,192273.3999,1314.416372,2809.15987,10303.74811,7129.296335,929.3440116,14567.1187,32073.06431,303.2115062,366.0365525,6117.816415,268186.6121,4815.776609,38705.51618,32504.79656,13820.17721,27681.44217,9714.48333,67.88771417,41431.96061,5.798001826,38.9,68.1416,0.08,0.11,0.25,0.16,0.2,21,9217,0.19,167610.7661
4/3/2020,VA,Virginia,3/30/20,4,27,30,2012,16993,NaN,46,312,19005,NaN,145,108,8626207,780145.9302,6880.783033,7882.819304,7302.940144,17501.42128,1123.504399,19762.71986,44259.23915,1420.029362,678.0958432,10283.14005,912796.3726,5155.380147,20962.39632,46139.86683,52921.34312,4079.599847,84277.61965,195690.7472,1446.429578,1604.149951,33961.22056,684441.8565,2369.579873,22240.04527,52029.7298,29485.74159,4707.044369,82142.71707,129256.6084,577.9553115,1876.721409,47330.37316,2513110.527,18979.07408,51504.5684,105732.4133,100213.6904,9963.102425,186183.0566,372743.8245,3904.179131,4224.657756,92193.18483,3458752.278,115432.713,578136.1981,493685.226,190783.761,375919.4068,159304.2669,1083.547478,492147.7795,6.935819876,75.5,218.4403,0.09,0.12,0.26,0.13,0.16,22,39490,0.24,2200286.608
4/3/2020,WA,Washington,3/23/20,11,31,31,6585,72833,NaN,262,254,79418,NaN,NaN,NaN,7797095,642365.1382,5004.014209,4559.409906,4975.617551,12714.44885,772.1521417,10286.94254,33617.30218,923.0860246,512.4695537,6746.859454,734871.0811,4039.492688,11791.53171,36811.61505,39861.90273,3408.730651,55596.15625,154791.9544,945.0070277,1195.574427,24025.50482,567716.7678,1934.469749,14112.57905,44721.81109,24482.30379,4406.065975,62491.81006,110627.5173,434.231084,1594.684305,38330.89926,2046320.31,13905.24938,30710.06977,86708.84925,77304.94247,8633.061738,128374.9088,302139.6368,2638.251983,3353.892672,69586.04587,2769675.219,45502.61123,430502.4067,340524.2743,127691.9117,269439.6197,100418.3302,673.8417688,370663.4362,6.891932826,84.1,117.3272,0.08,0.14,0.26,0.13,0.16,23,66456,0.23,1753968.059
4/3/2020,WV,West Virginia,3/23/20,11,17,29,237,6130,NaN,2,1,6367,NaN,NaN,NaN,1778070,218890.6062,1588.292656,2027.617159,3316.353625,4846.907705,287.0494929,6456.387547,12460.51582,512.5999969,241.5074105,2694.59192,301341.4526,1425.349713,6767.820276,25260.4784,18441.898,1134.696291,30921.81032,64852.90917,571.4076225,625.8647039,10702.3231,234692.6817,682.1203606,7862.447246,24651.52669,11361.52972,1292.285233,33899.34689,42572.17396,195.5237046,680.4159444,15276.35645,785178.3247,4671.678926,16765.28165,53295.90119,34729.19747,2731.518272,71277.54476,120772.7415,1405.836888,1570.943425,28840.11953,1121239.088,47772.45275,186820.1396,186735.8322,69223.64427,130166.5803,54986.57765,309.4782745,207590.7044,6.249948855,48.7,73.9691,0.08,0.11,0.25,0.15,0.2,21,24038,0.21,820973.5739
4/3/2020,WI,Wisconsin,3/24/20,10,31,31,1912,22377,NaN,37,487,24289,NaN,NaN,NaN,5851754,508687.088,4078.801388,4414.614799,3944.978651,9365.844328,641.5344716,11231.31637,27844.57028,793.7139846,454.1966464,5505.242681,627461.3245,3403.266282,11936.70962,31218.29613,33087.59902,2936.39588,57425.81016,136648.7129,929.7465171,1094.05023,19865.50609,516361.2887,1714.422205,16034.84268,39794.84864,20208.95446,3796.913291,63473.73505,98171.17501,457.9531199,1648.730649,32346.40305,1737710.747,11606.71781,32649.04621,75120.4816,62828.42631,7408.752928,132130.8616,265264.1647,2467.501992,3243.539427,58075.49424,2388505.734,78412.19776,382157.0849,313298.0209,129138.0498,263383.6757,107016.768,553.7693814,353600.1386,6.767286061,70.2,108.0497,0.09,0.11,0.26,0.14,0.17,23,54158,0.23,1543297.557
4/3/2020,WY,Wyoming,NaN,NaN,23,23,162,2704,NaN,0,21,2866,37,NaN,NaN,567025,61735.79187,427.4514153,424.7653588,656.4062676,1023.79887,80.36992523,1267.688153,3343.196359,128.4508802,79.69914445,640.2800484,67714.64389,315.4005125,1005.596916,4737.023347,3011.683615,270.7541073,6486.097216,13562.41119,119.8726062,201.3510503,2104.176618,49304.10906,139.9738466,1165.714402,5415.616739,1849.236684,306.5258086,6269.050373,8814.961898,51.16303918,199.064012,3001.995113,188366.6163,1151.848846,2618.759384,10832.71049,5904.496545,662.7538312,14022.83574,26001.29253,345.0746341,488.3073694,5788.536542,256183.2322,3393.615789,35601.78004,26704.82904,13729.35115,25888.27055,8980.161231,62.13903083,37299.55642,5.753602207,64.8,5.84,0.08,0.12,0.24,0.14,0.17,20,97093,0.24,163245.8376
